{
  "aggregator_0_5": {
    "0.1": 0.19892929783463478,
    "99.9": 4.7154594206810705,
    "timestamp": "2025-08-04T15:21:28.270657"
  }
}
