{
  "training_duration": 72.514585,
  "epochs_completed": 25,
  "final_metrics": {
    "loss": 1.498333215713501,
    "mse": 0.7491666078567505,
    "total_loss": 0.7497481107711792,
    "reconstruction_loss": 0.7497481107711792,
    "kl_loss": 3.088994026184082,
    "val_loss": 1.5749738216400146,
    "val_mse": 0.7874869108200073,
    "val_total_loss": 0.789201021194458,
    "val_reconstruction_loss": 0.789201021194458,
    "val_kl_loss": 2.237159013748169,
    "test_loss": 1.5011181831359863,
    "test_mse": 0.7505590915679932,
    "test_total_loss": 0.748807966709137,
    "test_reconstruction_loss": 0.748807966709137,
    "test_kl_loss": 2.2424092292785645
  }
}