{
  "training_duration": 56.192569,
  "epochs_completed": 25,
  "final_metrics": {
    "loss": 1.3634873628616333,
    "mse": 0.6817436814308167,
    "total_loss": 0.6831355094909668,
    "reconstruction_loss": 0.6831355094909668,
    "kl_loss": 3.3242483139038086,
    "val_loss": 1.4470710754394531,
    "val_mse": 0.7235355377197266,
    "val_total_loss": 0.7254205942153931,
    "val_reconstruction_loss": 0.7254205942153931,
    "val_kl_loss": 2.4158236980438232,
    "test_loss": 1.370921015739441,
    "test_mse": 0.6854605078697205,
    "test_total_loss": 0.68338942527771,
    "test_reconstruction_loss": 0.68338942527771,
    "test_kl_loss": 2.4312028884887695
  }
}